{
  "mae": 8609.576310415061,
  "r2": 0.9901413701294146
}